,esg1,sandp,sustain,iss,msci
E,1,1,1,0.99,1.0
S,1,1,1.0,0.99,0.8
G,1.1900000000000002,1.6600000000000001,0.25,0.8600000000000001,0.2
