,esg1,sandp,sustain,iss,msci
E,1,1,1,0.99,1.0
S,1,1,0.5625,0.41250000000000003,0.65
G,1.0250000000000001,1.495,0.25,0.8600000000000001,0.2
